timestamp,model_said,user_said,y2,y5,z11,z12,y2_y5_ratio,z11_z12_diff,z11_z12_ratio,y2_diff,y5_diff,z11_diff,z12_diff,y2_moving_avg,y5_moving_avg,z11_moving_avg,z12_moving_avg,y2_normalized,z11_normalized
2026-07-25 11:08:32,Forward,Normal,0.5302664041519165,0.5339401960372925,-1.2299847602844238,-0.6522522568702698,0.9931176093685056,-0.577732503414154,1.8857529936949788,-0.0025186538696289062,-0.003727436065673828,0.0444413423538208,0.05543065071105957,0.5326381921768188,0.5370447635650635,-1.2878000338872273,-0.7164425055185953,0.9931176093685056,1.8857529936949788
2026-07-25 11:10:08,Normal,Normal,0.5287073850631714,0.5329817533493042,-1.1911263465881348,-0.6260344982147217,0.9919784115728584,-0.5650918483734131,1.9026559281330875,-2.5510787963867188e-05,-0.00013005733489990234,0.00795900821685791,0.027551770210266113,0.5280464887619019,0.5323173999786377,-1.190936843554179,-0.6308180888493856,0.9919784115728584,1.9026559281330875
2026-07-25 11:13:48,Normal,Normal,0.5076223611831665,0.5140008926391602,-1.2978476285934448,-0.6429580450057983,0.9875885059036694,-0.6548895835876465,2.018560397890563,-0.00026357173919677734,-0.00019240379333496094,-0.009595155715942383,-0.02055150270462036,0.5051470597585043,0.511215329170227,-1.293044924736023,-0.6214421192804972,0.9875885059036694,2.018560397890563
2026-07-25 11:14:47,Normal,Normal,0.5026544332504272,0.5073850154876709,-1.2826257944107056,-0.631771445274353,0.9906745907596686,-0.6508543491363525,2.030208605047537,-0.003148794174194336,-0.002911090850830078,0.005758881568908691,0.015699267387390137,0.504827618598938,0.5094916423161825,-1.2809998591740925,-0.6271725098292033,0.9906745907596686,2.030208605047537
2026-07-25 11:19:26,Normal,Normal,0.5576497316360474,0.560165286064148,-1.1302767992019653,-0.4432351887226105,0.9955074868111352,-0.6870416104793549,2.5500668223707965,-0.00011181831359863281,0.00036656856536865234,0.010933637619018555,0.04084724187850952,0.5569096406300863,0.5595000187555949,-1.1256336371103923,-0.4593480626742045,0.9955074868111352,2.5500668223707965
2026-07-25 11:20:41,Normal,Normal,0.5688362121582031,0.5726946592330933,-1.2605981826782227,-0.5706439018249512,0.9932609108997641,-0.6899542808532715,2.2090841376397603,-0.0009628534317016602,-0.000777125358581543,0.004239678382873535,-0.041454195976257324,0.5689427057902018,0.5725515286127726,-1.262467861175537,-0.5405656894048055,0.9932609108997641,2.2090841376397603
2026-07-25 11:33:06,Normal,Normal,0.5115749835968018,0.5152349472045898,-1.1455122232437134,-0.4722985029220581,0.9928945881442266,-0.6732137203216553,2.425403937468528,-0.0029169321060180664,-0.002208113670349121,0.0422898530960083,0.057726144790649414,0.512937863667806,0.5162095626195272,-1.1572819550832112,-0.4909145434697469,0.9928945881442266,2.425403937468528
2026-07-25 11:34:06,Forward,Normal,0.40004563331604004,0.4026613235473633,-1.5604013204574585,-0.7561137080192566,0.9935015270158112,-0.8042876124382019,2.0637152423282883,0.002915501594543457,0.0030241012573242188,-0.11543858051300049,-0.09913808107376099,0.39750579992930096,0.4001247485478719,-1.5047950347264607,-0.7199231187502543,0.9935015270158112,2.0637152423282883
2026-07-25 11:36:45,Forward,Normal,0.3969663381576538,0.39931952953338623,-1.411733865737915,-0.49383068084716797,0.9941045070272663,-0.9179031848907471,2.858746487890474,-0.006161928176879883,-0.006103396415710449,0.0025131702423095703,-0.017486095428466797,0.4004882176717122,0.4026515483856201,-1.4250000317891438,-0.5038084785143534,0.9941045070272663,2.858746487890474
2026-07-25 11:36:51,Normal,Normal,0.37619245052337646,0.3776390552520752,-1.4329934120178223,-0.5292760133743286,0.9961667076662923,-0.9037173986434937,2.7074646937930185,0.00262606143951416,0.0022715330123901367,-0.02166128158569336,-0.034416407346725464,0.37458837032318115,0.37616729736328125,-1.421302318572998,-0.5212241510550181,0.9961667076662923,2.7074646937930185
2026-07-26 10:44:03,Back,Normal,0.5580527782440186,0.5584734678268433,-1.0448466539382935,-0.56340092420578,0.999244925941797,-0.4814457297325134,1.8545381514049806,0.003273487091064453,0.00452268123626709,0.03560018539428711,0.005818188190460205,0.5552620887756348,0.5546590884526571,-1.079757571220398,-0.5818611979484558,0.999244925941797,1.8545381514049806
2026-07-26 10:44:11,Normal,Normal,0.516839861869812,0.5143063068389893,-1.1490695476531982,-0.3724616765975952,1.0049242058145902,-0.776607871055603,3.0850761432049043,0.004582762718200684,0.006447792053222656,-0.045365095138549805,0.0038294196128845215,0.5141104857126871,0.5106472969055176,-1.1289319197336833,-0.37359926104545593,1.0049242058145902,3.0850761432049043
2026-07-26 10:55:27,Back,Normal,0.5837219953536987,0.587695837020874,-1.0848356485366821,-0.5809696316719055,0.9932365780845028,-0.5038660168647766,1.8672878179580081,-0.0008754730224609375,-0.0012634992599487305,-0.09192830324172974,-0.1014978289604187,0.5816427071889242,0.5853331883748373,-1.0251554250717163,-0.5161605079968771,0.9932365780845028,1.8672878179580081
2026-07-26 10:55:38,Forward,Normal,0.5367562770843506,0.5376640558242798,-1.0656774044036865,-0.44267842173576355,0.9983097678934406,-0.622998982667923,2.4073452859310156,-0.0058689117431640625,-0.006549358367919922,-0.0322643518447876,-0.0310821533203125,0.5381686687469482,0.5391461451848348,-1.0459096829096477,-0.4294441143671672,0.9983097678934406,2.4073452859310156
2026-07-26 10:57:14,Normal,Normal,0.5375808477401733,0.5364458560943604,-1.0461801290512085,-0.4662160873413086,1.0021138937304415,-0.5799640417098999,2.2439860001470024,0.007565021514892578,0.003993630409240723,0.06439030170440674,0.01679244637489319,0.5344736576080322,0.5352513790130615,-1.0951651334762573,-0.48563844958941144,1.0021138937304415,2.2439860001470024
2026-07-26 11:19:28,Back,Normal,0.5501093864440918,0.5525251626968384,-1.0370148420333862,-0.5125476121902466,0.9956259514645415,-0.5244672298431396,2.023259577508373,-0.009166598320007324,-0.0071065425872802734,-0.018248677253723145,-0.050063759088516235,0.5566968520482382,0.558111310005188,-1.031962275505066,-0.4809473355611165,0.9956259514645415,2.023259577508373
2026-07-26 16:24:29,Forward,Normal,0.5402209758758545,0.5422486066818237,-1.3089933395385742,-0.580386221408844,0.9962588616368336,-0.7286071181297302,2.255387096799408,-0.0020133256912231445,-0.00462949275970459,0.0764838457107544,0.046358704566955566,0.5391923586527506,0.5423590739568075,-1.3600818713506062,-0.6319597959518433,0.9962588616368336,2.255387096799408
2026-07-26 16:24:38,Forward,Normal,0.4379398822784424,0.44148504734039307,-1.5166270732879639,-0.7565336227416992,0.9919676622096814,-0.7600934505462646,2.0047080954574796,-0.0003647804260253906,-0.0014545917510986328,-0.02986609935760498,-0.038398146629333496,0.4400563637415568,0.44269033273061115,-1.5443386634190877,-0.7858260869979858,0.9919676622096814,2.0047080954574796
2026-07-26 16:24:48,Forward,Normal,0.47245264053344727,0.4758896827697754,-1.2491810321807861,-0.6229912638664246,0.9927755630425079,-0.6261897683143616,2.0051373265901042,0.014402151107788086,0.015508770942687988,0.06846451759338379,0.03592437505722046,0.463887095451355,0.4666571219762166,-1.2921237548192341,-0.6337621410687765,0.9927755630425079,2.0051373265901042
2026-08-03 08:21:33,Normal,Normal,0.5529592037200928,0.554011344909668,-1.2179440259933472,-0.6195604205131531,0.9980990654824723,-0.5983836054801941,1.9658227857863564,0.001901865005493164,0.0001932382583618164,-0.054902076721191406,-0.05760359764099121,0.5529444217681885,0.554348905881246,-1.2174979050954182,-0.5956823825836182,0.9980990654824723,1.9658227857863564
